{
  "train": {
    "mae": 0.3280908465385437,
    "rmse": 0.5210665464401245,
    "r2": 0.9660612344741821
  },
  "val": {
    "mae": 1.2122604846954346,
    "rmse": 1.3235095739364624,
    "r2": 0.7810403108596802
  },
  "test": {
    "mae": 1.234562873840332,
    "rmse": 1.310591220855713,
    "r2": 0.6564701199531555
  },
  "sequence_group": "quest",
  "split_rule": "odd -> train"
}