key,quest,baseD_true,baseD_pred
tloz2_1,1,2,3.306872606277466
tloz4_1,1,4,4.811600685119629
tloz6_1,1,6,5.2650299072265625
tloz8_1,1,8,6.285219669342041
tloz2_2,2,2,3.01900053024292
tloz4_2,2,4,5.733746528625488
tloz6_2,2,6,5.262753009796143
tloz8_2,2,8,6.181715488433838
