key,y_true,y_pred
tloz1_1,1.0,1.9997016572827533
tloz1_2,1.5,2.4996950317947615
tloz3_1,3.0,3.8992328279090867
tloz3_2,3.5,4.500318026173144
tloz5_1,5.0,5.099411356992292
tloz5_2,5.5,4.500203242361824
tloz7_1,7.0,6.868206557665502
tloz7_2,7.5,6.499701567661317
tloz9_1,9.0,8.000197659589167
tloz9_2,9.5,8.500182910888846
